CREATE DATABASE  IF NOT EXISTS `ecommerce` /*!40100 DEFAULT CHARACTER SET utf8mb4 COLLATE utf8mb4_0900_ai_ci */ /*!80016 DEFAULT ENCRYPTION='N' */;
USE `ecommerce`;
-- MySQL dump 10.13  Distrib 8.0.36, for Win64 (x86_64)
--
-- Host: localhost    Database: ecommerce
-- ------------------------------------------------------
-- Server version	8.0.37

/*!40101 SET @OLD_CHARACTER_SET_CLIENT=@@CHARACTER_SET_CLIENT */;
/*!40101 SET @OLD_CHARACTER_SET_RESULTS=@@CHARACTER_SET_RESULTS */;
/*!40101 SET @OLD_COLLATION_CONNECTION=@@COLLATION_CONNECTION */;
/*!50503 SET NAMES utf8 */;
/*!40103 SET @OLD_TIME_ZONE=@@TIME_ZONE */;
/*!40103 SET TIME_ZONE='+00:00' */;
/*!40014 SET @OLD_UNIQUE_CHECKS=@@UNIQUE_CHECKS, UNIQUE_CHECKS=0 */;
/*!40014 SET @OLD_FOREIGN_KEY_CHECKS=@@FOREIGN_KEY_CHECKS, FOREIGN_KEY_CHECKS=0 */;
/*!40101 SET @OLD_SQL_MODE=@@SQL_MODE, SQL_MODE='NO_AUTO_VALUE_ON_ZERO' */;
/*!40111 SET @OLD_SQL_NOTES=@@SQL_NOTES, SQL_NOTES=0 */;

--
-- Table structure for table `cart`
--

DROP TABLE IF EXISTS `cart`;
/*!40101 SET @saved_cs_client     = @@character_set_client */;
/*!50503 SET character_set_client = utf8mb4 */;
CREATE TABLE `cart` (
  `cartId` int NOT NULL AUTO_INCREMENT,
  `productId` int DEFAULT NULL,
  `userId` int DEFAULT NULL,
  `quantity` int DEFAULT NULL,
  `price` int DEFAULT NULL,
  PRIMARY KEY (`cartId`)
) ENGINE=InnoDB AUTO_INCREMENT=8 DEFAULT CHARSET=utf8mb4 COLLATE=utf8mb4_0900_ai_ci;
/*!40101 SET character_set_client = @saved_cs_client */;

--
-- Dumping data for table `cart`
--

LOCK TABLES `cart` WRITE;
/*!40000 ALTER TABLE `cart` DISABLE KEYS */;
/*!40000 ALTER TABLE `cart` ENABLE KEYS */;
UNLOCK TABLES;

--
-- Table structure for table `category`
--

DROP TABLE IF EXISTS `category`;
/*!40101 SET @saved_cs_client     = @@character_set_client */;
/*!50503 SET character_set_client = utf8mb4 */;
CREATE TABLE `category` (
  `categoryId` int NOT NULL AUTO_INCREMENT,
  `categoryTitle` varchar(50) DEFAULT NULL,
  `categoryDescription` varchar(50) DEFAULT NULL,
  PRIMARY KEY (`categoryId`)
) ENGINE=InnoDB AUTO_INCREMENT=3 DEFAULT CHARSET=utf8mb4 COLLATE=utf8mb4_0900_ai_ci;
/*!40101 SET character_set_client = @saved_cs_client */;

--
-- Dumping data for table `category`
--

LOCK TABLES `category` WRITE;
/*!40000 ALTER TABLE `category` DISABLE KEYS */;
INSERT INTO `category` VALUES (1,'Laptops','This category contains different types of laptops'),(2,'Shoes','This category contains different types of shoes');
/*!40000 ALTER TABLE `category` ENABLE KEYS */;
UNLOCK TABLES;

--
-- Table structure for table `orders`
--

DROP TABLE IF EXISTS `orders`;
/*!40101 SET @saved_cs_client     = @@character_set_client */;
/*!50503 SET character_set_client = utf8mb4 */;
CREATE TABLE `orders` (
  `orderId` int NOT NULL AUTO_INCREMENT,
  `userId` int DEFAULT NULL,
  `productId` int DEFAULT NULL,
  `quantity` int DEFAULT NULL,
  `price` int DEFAULT NULL,
  `orderDate` varchar(50) DEFAULT NULL,
  `deliveryDate` varchar(50) DEFAULT NULL,
  PRIMARY KEY (`orderId`)
) ENGINE=InnoDB AUTO_INCREMENT=7 DEFAULT CHARSET=utf8mb4 COLLATE=utf8mb4_0900_ai_ci;
/*!40101 SET character_set_client = @saved_cs_client */;

--
-- Dumping data for table `orders`
--

LOCK TABLES `orders` WRITE;
/*!40000 ALTER TABLE `orders` DISABLE KEYS */;
INSERT INTO `orders` VALUES (3,4,3,1,1940,'2024-06-21','2024-06-25'),(4,4,2,1,1470,'2024-06-21','2024-06-25'),(5,3,1,1,18000,'2024-06-24','0'),(6,3,3,1,1940,'2024-06-24','0');
/*!40000 ALTER TABLE `orders` ENABLE KEYS */;
UNLOCK TABLES;

--
-- Table structure for table `product`
--

DROP TABLE IF EXISTS `product`;
/*!40101 SET @saved_cs_client     = @@character_set_client */;
/*!50503 SET character_set_client = utf8mb4 */;
CREATE TABLE `product` (
  `productId` int NOT NULL AUTO_INCREMENT,
  `productTitle` varchar(50) DEFAULT NULL,
  `productDescription` varchar(50) DEFAULT NULL,
  `productPhoto` varchar(50) DEFAULT NULL,
  `productPrice` varchar(50) DEFAULT NULL,
  `productDiscount` varchar(50) DEFAULT NULL,
  `productQuantity` varchar(50) DEFAULT NULL,
  `categoryId` int DEFAULT NULL,
  PRIMARY KEY (`productId`),
  KEY `categoryId` (`categoryId`),
  CONSTRAINT `product_ibfk_1` FOREIGN KEY (`categoryId`) REFERENCES `category` (`categoryId`)
) ENGINE=InnoDB AUTO_INCREMENT=4 DEFAULT CHARSET=utf8mb4 COLLATE=utf8mb4_0900_ai_ci;
/*!40101 SET character_set_client = @saved_cs_client */;

--
-- Dumping data for table `product`
--

LOCK TABLES `product` WRITE;
/*!40000 ALTER TABLE `product` DISABLE KEYS */;
INSERT INTO `product` VALUES (1,'HP Victus Gaming 15 Diz端st端 Bilgisayar','HP Victus Gaming 15 Diz端st端 Bilgisayar','laptop.jpg','20000','10','2',1),(2,'Ayakkab&#305; 1','sssss','ayakkabi.jpg','1500','2','4',2),(3,'Ayakkabi 2','ko&#351;u ayakkabisi','ayakkabi2.jpg','2000','3','6',2);
/*!40000 ALTER TABLE `product` ENABLE KEYS */;
UNLOCK TABLES;

--
-- Table structure for table `user`
--

DROP TABLE IF EXISTS `user`;
/*!40101 SET @saved_cs_client     = @@character_set_client */;
/*!50503 SET character_set_client = utf8mb4 */;
CREATE TABLE `user` (
  `userId` int NOT NULL AUTO_INCREMENT,
  `userName` varchar(50) DEFAULT NULL,
  `userEmail` varchar(50) DEFAULT NULL,
  `userPassword` varchar(50) DEFAULT NULL,
  `userPhone` varchar(50) DEFAULT NULL,
  `userPic` varchar(50) DEFAULT NULL,
  `userAddress` varchar(50) DEFAULT NULL,
  `userType` varchar(50) DEFAULT NULL,
  PRIMARY KEY (`userId`)
) ENGINE=InnoDB AUTO_INCREMENT=9 DEFAULT CHARSET=utf8mb4 COLLATE=utf8mb4_0900_ai_ci;
/*!40101 SET character_set_client = @saved_cs_client */;

--
-- Dumping data for table `user`
--

LOCK TABLES `user` WRITE;
/*!40000 ALTER TABLE `user` DISABLE KEYS */;
INSERT INTO `user` VALUES (1,'eneskocak','ekocak227@gmail.com','123','5555555555','profile.png','Samsun / Atakum','admin'),(3,'test2','test2@gmail.com','123','5555555555','profile.png','test2','normal'),(4,'test','test@gmail.com','123','5555555555','profile.png','asdasdaasd','normal'),(7,'test4','test4@gmail.com','123','5366988745','person.png','asssadad','normal');
/*!40000 ALTER TABLE `user` ENABLE KEYS */;
UNLOCK TABLES;
/*!40103 SET TIME_ZONE=@OLD_TIME_ZONE */;

/*!40101 SET SQL_MODE=@OLD_SQL_MODE */;
/*!40014 SET FOREIGN_KEY_CHECKS=@OLD_FOREIGN_KEY_CHECKS */;
/*!40014 SET UNIQUE_CHECKS=@OLD_UNIQUE_CHECKS */;
/*!40101 SET CHARACTER_SET_CLIENT=@OLD_CHARACTER_SET_CLIENT */;
/*!40101 SET CHARACTER_SET_RESULTS=@OLD_CHARACTER_SET_RESULTS */;
/*!40101 SET COLLATION_CONNECTION=@OLD_COLLATION_CONNECTION */;
/*!40111 SET SQL_NOTES=@OLD_SQL_NOTES */;

-- Dump completed on 2024-06-26 14:08:30
